"Partner","Type","LeadsGiven","StillLive","TheyReferred","To","Subject","Body","Sent","SentDate","NewReferrals"
"DBS","Bank / RM channel","4","4","Shivkumar, Vimal Krup, Salim Vazir, Ravikishan Saurkar","<fill in the RM contact>","Thank you - and one ask","Hi,

Thank you again for the introductions - Shivkumar, Vimal Krup, Salim Vazir, Ravikishan Saurkar. I wanted to close the loop so you know they
were handled properly, since it is your name on the introduction.

Two things I can take off your plate, both outside what you would handle yourself:

  - clients asking about mutual funds or starting a SIP
  - clients who need health or term cover, or an NRI who wants FATCA and KYC handled properly

I am AMFI registered (ARN-267891) and an IRDAI POSP, so it is a clean handover and your client
stays looked after.

Is there anyone on your desk this month I should speak to?

Best regards,
ArthaInvest Capital

--
ArthaInvest Capital | AMFI Registered Mutual Fund Distributor | ARN-267891
Insurance solicited as an IRDAI-licensed POSP. Insurer: TATA / Niva Bupa as applicable.

Mutual Fund investments are subject to market risks, read all scheme related documents
carefully. Past performance is not indicative of future returns. This message is for
information only and is not investment advice or an offer to buy or sell any security.
Insurance is the subject matter of solicitation.","","",""
"SCB","Bank / RM channel","4","2","Vikram Punjabi, Raghav Joshi, Anshul Kwatra, Aamir Khurshid","<fill in the RM contact>","Thank you - and one ask","Hi,

Thank you again for the introductions - Vikram Punjabi, Raghav Joshi, Anshul Kwatra, Aamir Khurshid. I wanted to close the loop so you know they
were handled properly, since it is your name on the introduction.

Two things I can take off your plate, both outside what you would handle yourself:

  - clients asking about mutual funds or starting a SIP
  - clients who need health or term cover, or an NRI who wants FATCA and KYC handled properly

I am AMFI registered (ARN-267891) and an IRDAI POSP, so it is a clean handover and your client
stays looked after.

Is there anyone on your desk this month I should speak to?

Best regards,
ArthaInvest Capital

--
ArthaInvest Capital | AMFI Registered Mutual Fund Distributor | ARN-267891
Insurance solicited as an IRDAI-licensed POSP. Insurer: TATA / Niva Bupa as applicable.

Mutual Fund investments are subject to market risks, read all scheme related documents
carefully. Past performance is not indicative of future returns. This message is for
information only and is not investment advice or an offer to buy or sell any security.
Insurance is the subject matter of solicitation.","","",""
"SURESH IYER","Individual introducer","2","2","Suresh Thuliraman, Sandhya Kadse","<fill in the RM contact>","Thank you - and one ask","Hi,

Thank you again for the introductions - Suresh Thuliraman, Sandhya Kadse. I wanted to close the loop so you know they
were handled properly, since it is your name on the introduction.

Two things I can take off your plate, both outside what you would handle yourself:

  - clients asking about mutual funds or starting a SIP
  - clients who need health or term cover, or an NRI who wants FATCA and KYC handled properly

I am AMFI registered (ARN-267891) and an IRDAI POSP, so it is a clean handover and your client
stays looked after.

Is there anyone on your desk this month I should speak to?

Best regards,
ArthaInvest Capital

--
ArthaInvest Capital | AMFI Registered Mutual Fund Distributor | ARN-267891
Insurance solicited as an IRDAI-licensed POSP. Insurer: TATA / Niva Bupa as applicable.

Mutual Fund investments are subject to market risks, read all scheme related documents
carefully. Past performance is not indicative of future returns. This message is for
information only and is not investment advice or an offer to buy or sell any security.
Insurance is the subject matter of solicitation.","","",""
"PRACHI","Individual introducer","1","1","Tejashree","<fill in the RM contact>","Thank you - and one ask","Hi,

Thank you again for the introductions - Tejashree. I wanted to close the loop so you know they
were handled properly, since it is your name on the introduction.

Two things I can take off your plate, both outside what you would handle yourself:

  - clients asking about mutual funds or starting a SIP
  - clients who need health or term cover, or an NRI who wants FATCA and KYC handled properly

I am AMFI registered (ARN-267891) and an IRDAI POSP, so it is a clean handover and your client
stays looked after.

Is there anyone on your desk this month I should speak to?

Best regards,
ArthaInvest Capital

--
ArthaInvest Capital | AMFI Registered Mutual Fund Distributor | ARN-267891
Insurance solicited as an IRDAI-licensed POSP. Insurer: TATA / Niva Bupa as applicable.

Mutual Fund investments are subject to market risks, read all scheme related documents
carefully. Past performance is not indicative of future returns. This message is for
information only and is not investment advice or an offer to buy or sell any security.
Insurance is the subject matter of solicitation.","","",""
"LS","Individual introducer","1","1","Amarjeet LS","<fill in the RM contact>","Thank you - and one ask","Hi,

Thank you again for the introductions - Amarjeet LS. I wanted to close the loop so you know they
were handled properly, since it is your name on the introduction.

Two things I can take off your plate, both outside what you would handle yourself:

  - clients asking about mutual funds or starting a SIP
  - clients who need health or term cover, or an NRI who wants FATCA and KYC handled properly

I am AMFI registered (ARN-267891) and an IRDAI POSP, so it is a clean handover and your client
stays looked after.

Is there anyone on your desk this month I should speak to?

Best regards,
ArthaInvest Capital

--
ArthaInvest Capital | AMFI Registered Mutual Fund Distributor | ARN-267891
Insurance solicited as an IRDAI-licensed POSP. Insurer: TATA / Niva Bupa as applicable.

Mutual Fund investments are subject to market risks, read all scheme related documents
carefully. Past performance is not indicative of future returns. This message is for
information only and is not investment advice or an offer to buy or sell any security.
Insurance is the subject matter of solicitation.","","",""
